id,nombre,apellido,edad,equipo_id,pais_id
101,Timi,Sadd,46,1,15
102,Gunar,Ferney,56,20,12
103,Latashia,McKerton,58,12,14
104,Marti,Carnaman,65,9,21
105,Valli,Cable,46,19,15
106,Dickie,Mannakee,52,12,14
107,Tanney,Houson,40,18,23
108,Valentijn,Pye,42,7,16
109,Iolanthe,Boorn,59,8,19
110,Augustin,Sheaber,67,4,18
111,Sylas,Farry,51,11,16
112,Megan,Rangall,45,1,15
113,Claudetta,Owlner,49,18,21
114,Yehudit,Lynds,64,13,21
115,Tull,Smyth,60,11,2
116,Nahum,Dulton,48,18,5
117,Gallagher,Melin,44,12,12
118,Megen,Dinwoodie,60,5,13
119,Marty,Birth,49,9,12
120,Quentin,Bills,54,20,19
121,Catrina,Southward,44,11,23
122,Zaccaria,Issett,51,17,8
123,Elna,Willgoss,57,10,1
124,Anthea,Gullivent,44,10,17
125,Konrad,De Mattia,57,13,25
126,Sheffield,MacFaell,49,16,16
127,Filmer,Lutas,59,3,1
128,Leon,Mortlock,60,1,2
129,Liuka,Prier,42,14,8
130,Dennet,Stalf,55,7,16
131,Lurlene,Geraudy,48,11,22
132,Asia,Nutter,43,9,24
133,Gaile,Summerrell,54,7,20
134,Sarina,Dryburgh,66,7,13
135,Cora,Tatlowe,65,18,1
136,Lianna,Glazyer,49,11,4
137,Andee,Smithson,55,7,16
138,Griz,Vyvyan,51,12,8
139,Alexia,Beeching,64,8,4
140,Sue,Dilleston,68,13,17
141,Orsola,Saveall,40,7,6
142,Brodie,Menci,66,9,3
143,Sergeant,Kierans,55,18,24
144,Sonnnie,Leynagh,61,12,18
145,Morlee,Hesbrook,44,8,1
146,Corny,Sharpley,57,16,8
147,Sascha,Balke,52,1,23
148,Susanetta,Filipczak,46,5,15
149,Ebba,Corsor,60,16,13
150,Glori,Memmory,47,19,14
151,Tabby,Crapper,45,17,11
152,North,Creany,60,7,2
153,Haze,Jacobovitz,52,16,4
154,Morly,Kleingrub,66,6,20
155,Amandy,Carlesi,62,15,23
156,Adolpho,Antram,55,6,6
157,Langston,Greenard,60,2,5
158,Marina,MacScherie,60,3,20
159,Carey,Nisuis,68,1,1
160,Elsa,Bisp,50,12,24
161,Devland,Gauge,67,4,8
162,Zelda,Aucoate,67,12,10
163,Rania,Hamil,53,19,11
164,Pattie,Puncher,59,19,22
165,Karalynn,Pepperrall,57,11,23
166,Alfie,Hurtic,66,18,24
167,Gizela,Semeniuk,59,9,10
168,Robbin,Boswood,69,11,24
169,Flint,Vyel,58,15,10
170,Ashbey,Cringle,52,4,3
171,Lionel,Masterson,66,13,6
172,Inge,Pickwell,54,19,20
173,Rutter,Nowill,55,17,11
174,Claudette,Ughelli,63,20,21
175,Minetta,Burchall,44,7,20
176,Sunny,Matej,62,3,9
177,Ephrayim,McTavish,62,4,2
178,Jodi,Joint,45,3,13
179,Zenia,Gerb,48,8,12
180,Rickey,Talks,68,17,8
181,Kristy,Ferrandez,41,20,6
182,Margareta,Morgans,43,5,13
183,Mohandas,Godsell,47,5,15
184,Nat,Dunridge,59,15,20
185,Giusto,Quail,46,19,7
186,Malinde,Blaze,53,2,1
187,Hobie,Beswick,61,7,6
188,Fayina,Duffin,46,1,8
189,Mildrid,Martinat,64,5,14
190,Tiertza,Botler,62,5,13
191,Ferdinand,Perrelle,69,2,15
192,Ernest,Red,69,10,17
193,Viviana,Eakin,57,1,20
194,Care,Lewknor,47,16,5
195,Frazer,Kirvin,61,18,25
196,Manolo,Antonias,69,11,4
197,North,MacAskill,47,5,5
198,Elysha,Wolstenholme,63,18,17
199,Kass,Coggell,59,18,11
200,Olivier,Graysmark,43,18,17
